Workout DateTime,Program,Day Name,Exercise,Is Warmup Set?,Required Reps,Completed Reps,Is AMRAP?,Required RPE,Completed RPE,Log RPE?,Required Weight Value,Required Weight Unit,Completed Weight Value,Completed Weight Unit,Ask Weight?,Completed Reps Time,Target Muscles,Synergist Muscles,Notes
2025-05-20T05:00:00.000Z,GZCLP,Day 1,Squat,1,5,5,0,,,0,50,lb,50,lb,0,2025-05-20T13:15:52.559Z,"Gluteus Maximus,Quadriceps","Adductor Magnus,Soleus,Hamstrings,Erector Spinae,Obliques,Rectus Abdominis,Gluteus Medius,Gastrocnemius",
2025-05-20T05:00:00.000Z,GZCLP,Day 1,Squat,1,5,5,0,,,0,80,lb,80,lb,0,2025-05-20T13:15:53.137Z,"Gluteus Maximus,Quadriceps","Adductor Magnus,Soleus,Hamstrings,Erector Spinae,Obliques,Rectus Abdominis,Gluteus Medius,Gastrocnemius",
2025-05-20T05:00:00.000Z,GZCLP,Day 1,Squat,0,3,3,0,,,0,100,lb,100,lb,0,2025-05-20T13:15:53.987Z,"Gluteus Maximus,Quadriceps","Adductor Magnus,Soleus,Hamstrings,Erector Spinae,Obliques,Rectus Abdominis,Gluteus Medius,Gastrocnemius",
2025-05-20T05:00:00.000Z,GZCLP,Day 1,Squat,0,3,3,0,,,0,100,lb,100,lb,0,2025-05-20T13:15:54.419Z,"Gluteus Maximus,Quadriceps","Adductor Magnus,Soleus,Hamstrings,Erector Spinae,Obliques,Rectus Abdominis,Gluteus Medius,Gastrocnemius",
2025-05-20T05:00:00.000Z,GZCLP,Day 1,Squat,0,3,3,0,,,0,100,lb,100,lb,0,2025-05-20T13:15:54.869Z,"Gluteus Maximus,Quadriceps","Adductor Magnus,Soleus,Hamstrings,Erector Spinae,Obliques,Rectus Abdominis,Gluteus Medius,Gastrocnemius",
2025-05-20T05:00:00.000Z,GZCLP,Day 1,Squat,0,3,3,0,,,0,100,lb,100,lb,0,2025-05-20T13:15:56.813Z,"Gluteus Maximus,Quadriceps","Adductor Magnus,Soleus,Hamstrings,Erector Spinae,Obliques,Rectus Abdominis,Gluteus Medius,Gastrocnemius",
2025-05-20T05:00:00.000Z,GZCLP,Day 1,Squat,0,3,2,1,,,0,100,lb,100,lb,0,2025-05-20T13:15:58.950Z,"Gluteus Maximus,Quadriceps","Adductor Magnus,Soleus,Hamstrings,Erector Spinae,Obliques,Rectus Abdominis,Gluteus Medius,Gastrocnemius",
2025-05-20T05:00:00.000Z,GZCLP,Day 1,Bench Press,1,5,5,0,,,0,70,lb,70,lb,0,2025-05-20T13:16:04.071Z,Pectoralis Major Sternal Head,"Deltoid Anterior,Pectoralis Major Clavicular Head,Triceps Brachii",
2025-05-20T05:00:00.000Z,GZCLP,Day 1,Bench Press,0,10,10,0,,,0,85,lb,85,lb,0,2025-05-20T13:16:04.420Z,Pectoralis Major Sternal Head,"Deltoid Anterior,Pectoralis Major Clavicular Head,Triceps Brachii",
2025-05-20T05:00:00.000Z,GZCLP,Day 1,Bench Press,0,10,10,0,,,0,85,lb,85,lb,0,2025-05-20T13:16:04.802Z,Pectoralis Major Sternal Head,"Deltoid Anterior,Pectoralis Major Clavicular Head,Triceps Brachii",
2025-05-20T05:00:00.000Z,GZCLP,Day 1,Bench Press,0,10,10,0,,,0,85,lb,85,lb,0,2025-05-20T13:16:05.151Z,Pectoralis Major Sternal Head,"Deltoid Anterior,Pectoralis Major Clavicular Head,Triceps Brachii",
2025-05-20T05:00:00.000Z,GZCLP,Day 1,Lat Pulldown,1,5,5,0,,,0,20,lb,20,lb,0,2025-05-20T13:16:06.835Z,Latissimus Dorsi,"Brachialis,Brachioradialis,Deltoid Posterior,Obliques,Pectoralis Major Sternal Head,Teres Major,Trapezius Lower Fibers,Trapezius Middle Fibers",
2025-05-20T05:00:00.000Z,GZCLP,Day 1,Lat Pulldown,1,5,5,0,,,0,30,lb,30,lb,0,2025-05-20T13:16:07.170Z,Latissimus Dorsi,"Brachialis,Brachioradialis,Deltoid Posterior,Obliques,Pectoralis Major Sternal Head,Teres Major,Trapezius Lower Fibers,Trapezius Middle Fibers",
2025-05-20T05:00:00.000Z,GZCLP,Day 1,Lat Pulldown,0,15,15,0,,,0,40,lb,40,lb,0,2025-05-20T13:16:07.503Z,Latissimus Dorsi,"Brachialis,Brachioradialis,Deltoid Posterior,Obliques,Pectoralis Major Sternal Head,Teres Major,Trapezius Lower Fibers,Trapezius Middle Fibers",
2025-05-20T05:00:00.000Z,GZCLP,Day 1,Lat Pulldown,0,15,15,0,,,0,40,lb,40,lb,0,2025-05-20T13:16:07.835Z,Latissimus Dorsi,"Brachialis,Brachioradialis,Deltoid Posterior,Obliques,Pectoralis Major Sternal Head,Teres Major,Trapezius Lower Fibers,Trapezius Middle Fibers",
2025-05-20T05:00:00.000Z,GZCLP,Day 1,Lat Pulldown,0,15,15,1,,,0,40,lb,40,lb,0,2025-05-20T13:16:08.902Z,Latissimus Dorsi,"Brachialis,Brachioradialis,Deltoid Posterior,Obliques,Pectoralis Major Sternal Head,Teres Major,Trapezius Lower Fibers,Trapezius Middle Fibers",
2025-05-19T05:00:00.000Z,Basic Beginner Routine,Week 1 - Workout B,Chin Up,0,5,5,0,,,0,0,lb,0,lb,0,2025-05-20T13:15:06.353Z,Latissimus Dorsi,"Brachialis,Brachioradialis,Deltoid Posterior,Pectoralis Major Sternal Head,Teres Major,Trapezius Lower Fibers,Trapezius Middle Fibers",
2025-05-19T05:00:00.000Z,Basic Beginner Routine,Week 1 - Workout B,Chin Up,0,5,5,0,,,0,0,lb,0,lb,0,2025-05-20T13:15:06.837Z,Latissimus Dorsi,"Brachialis,Brachioradialis,Deltoid Posterior,Pectoralis Major Sternal Head,Teres Major,Trapezius Lower Fibers,Trapezius Middle Fibers",
2025-05-19T05:00:00.000Z,Basic Beginner Routine,Week 1 - Workout B,Chin Up,0,5,5,1,,,0,0,lb,0,lb,0,2025-05-20T13:15:08.220Z,Latissimus Dorsi,"Brachialis,Brachioradialis,Deltoid Posterior,Pectoralis Major Sternal Head,Teres Major,Trapezius Lower Fibers,Trapezius Middle Fibers",
2025-05-19T05:00:00.000Z,Basic Beginner Routine,Week 1 - Workout B,Overhead Press,0,5,5,0,,,0,45,lb,45,lb,0,2025-05-20T13:15:10.535Z,Deltoid Anterior,"Deltoid Lateral,Pectoralis Major Clavicular Head,Serratus Anterior,Triceps Brachii",
2025-05-19T05:00:00.000Z,Basic Beginner Routine,Week 1 - Workout B,Overhead Press,0,5,5,0,,,0,45,lb,45,lb,0,2025-05-20T13:15:10.954Z,Deltoid Anterior,"Deltoid Lateral,Pectoralis Major Clavicular Head,Serratus Anterior,Triceps Brachii",
2025-05-19T05:00:00.000Z,Basic Beginner Routine,Week 1 - Workout B,Overhead Press,0,5,5,1,,,0,45,lb,45,lb,0,2025-05-20T13:15:11.989Z,Deltoid Anterior,"Deltoid Lateral,Pectoralis Major Clavicular Head,Serratus Anterior,Triceps Brachii",
2025-05-19T05:00:00.000Z,Basic Beginner Routine,Week 1 - Workout B,Deadlift,0,5,5,0,,,0,95,lb,95,lb,0,2025-05-20T13:15:13.669Z,"Gluteus Maximus,Erector Spinae,Hamstrings","Adductor Magnus,Erector Spinae,Hamstrings,Quadriceps,Soleus,Latissimus Dorsi,Obliques,Rectus Abdominis,Gastrocnemius,Brachioradialis,Soleus",
2025-05-19T05:00:00.000Z,Basic Beginner Routine,Week 1 - Workout B,Deadlift,0,5,5,0,,,0,95,lb,95,lb,0,2025-05-20T13:15:14.289Z,"Gluteus Maximus,Erector Spinae,Hamstrings","Adductor Magnus,Erector Spinae,Hamstrings,Quadriceps,Soleus,Latissimus Dorsi,Obliques,Rectus Abdominis,Gastrocnemius,Brachioradialis,Soleus",
2025-05-19T05:00:00.000Z,Basic Beginner Routine,Week 1 - Workout B,Deadlift,0,5,3,1,,,0,95,lb,95,lb,0,2025-05-20T13:15:16.450Z,"Gluteus Maximus,Erector Spinae,Hamstrings","Adductor Magnus,Erector Spinae,Hamstrings,Quadriceps,Soleus,Latissimus Dorsi,Obliques,Rectus Abdominis,Gastrocnemius,Brachioradialis,Soleus",
2025-05-15T05:00:00.000Z,Basic Beginner Routine,Week 1 - Workout A,Bent Over Row,0,5,5,0,,,0,95,lb,95,lb,0,2025-05-20T13:14:18.390Z,"Latissimus Dorsi,Trapezius Middle Fibers,Trapezius Upper Fibers","Infraspinatus,Teres Major,Teres Minor,Brachialis,Brachioradialis,Deltoid Posterior",
2025-05-15T05:00:00.000Z,Basic Beginner Routine,Week 1 - Workout A,Bent Over Row,0,5,5,0,,,0,95,lb,95,lb,0,2025-05-20T13:14:19.769Z,"Latissimus Dorsi,Trapezius Middle Fibers,Trapezius Upper Fibers","Infraspinatus,Teres Major,Teres Minor,Brachialis,Brachioradialis,Deltoid Posterior",
2025-05-15T05:00:00.000Z,Basic Beginner Routine,Week 1 - Workout A,Bent Over Row,0,5,5,1,,,0,95,lb,95,lb,0,2025-05-20T13:14:21.920Z,"Latissimus Dorsi,Trapezius Middle Fibers,Trapezius Upper Fibers","Infraspinatus,Teres Major,Teres Minor,Brachialis,Brachioradialis,Deltoid Posterior",
2025-05-15T05:00:00.000Z,Basic Beginner Routine,Week 1 - Workout A,Bench Press,0,5,5,0,,,0,45,lb,45,lb,0,2025-05-20T13:14:23.904Z,Pectoralis Major Sternal Head,"Deltoid Anterior,Pectoralis Major Clavicular Head,Triceps Brachii",
2025-05-15T05:00:00.000Z,Basic Beginner Routine,Week 1 - Workout A,Bench Press,0,5,5,0,,,0,45,lb,45,lb,0,2025-05-20T13:14:27.290Z,Pectoralis Major Sternal Head,"Deltoid Anterior,Pectoralis Major Clavicular Head,Triceps Brachii",
2025-05-15T05:00:00.000Z,Basic Beginner Routine,Week 1 - Workout A,Bench Press,0,5,5,1,,,0,45,lb,45,lb,0,2025-05-20T13:14:30.038Z,Pectoralis Major Sternal Head,"Deltoid Anterior,Pectoralis Major Clavicular Head,Triceps Brachii",
2025-05-15T05:00:00.000Z,Basic Beginner Routine,Week 1 - Workout A,Squat,0,5,5,0,,,0,45,lb,45,lb,0,2025-05-20T13:14:32.252Z,"Gluteus Maximus,Quadriceps","Adductor Magnus,Soleus,Hamstrings,Erector Spinae,Obliques,Rectus Abdominis,Gluteus Medius,Gastrocnemius",
2025-05-15T05:00:00.000Z,Basic Beginner Routine,Week 1 - Workout A,Squat,0,5,5,0,,,0,45,lb,45,lb,0,2025-05-20T13:14:32.938Z,"Gluteus Maximus,Quadriceps","Adductor Magnus,Soleus,Hamstrings,Erector Spinae,Obliques,Rectus Abdominis,Gluteus Medius,Gastrocnemius",
2025-05-15T05:00:00.000Z,Basic Beginner Routine,Week 1 - Workout A,Squat,0,5,5,1,,,0,45,lb,45,lb,0,2025-05-20T13:14:35.772Z,"Gluteus Maximus,Quadriceps","Adductor Magnus,Soleus,Hamstrings,Erector Spinae,Obliques,Rectus Abdominis,Gluteus Medius,Gastrocnemius",